"id","createdAt","teamId","userUid"
1,"2023-08-25 11:49:49.762030",3,kfGBHNOl3DRL5QFmqHny85w5ZIY2
2,"2023-08-25 11:49:49.764140",3,WNuBPjqvWvQnsePAuxgAFT0yy5E3
3,"2023-08-26 09:45:42.352279",4,XGzCUyeQclOvNUC3u5RZBFDSL952
4,"2023-08-26 09:45:42.355096",4,zpc39kB4Wmd8FQdqynSdL7j839K2
5,"2023-08-26 11:22:24.168265",5,DwP2HccK7ZfPKBwKebvgh8n3LMx2
6,"2023-08-26 11:22:24.171298",5,fGfzwH7KcjcZGgGsywv7avQJaMV2
7,"2023-08-26 11:23:01.191061",6,"4px2yytBgSUVoNM4s39wgi4dohw2"
8,"2023-08-26 11:23:01.193539",6,gBsv7YzqxpNDgqkud8RAlv1cffR2
9,"2023-08-26 11:23:36.014368",7,djm2WfPkP9fR90RY7Mc1hlPYQkV2
10,"2023-08-26 11:23:36.016749",7,LdugvUzNNdV9edPQpEJjNOODjF03
11,"2023-08-26 11:25:12.691986",8,"3CTPs4TXGwSZbtALqnMPGAQXIOW2"
12,"2023-08-26 11:25:12.695493",8,fxOjr2bL8FYRfmxHdFjedJnBcIo2
13,"2023-08-26 11:26:02.527831",9,Y6PCGqXak5W1I9DDkg7CYIt268A3
14,"2023-08-26 11:26:02.530917",9,ZIOXfu6DUCTrH5OC3gPZhedV5To1
15,"2023-08-26 12:26:06.282204",10,"69HTiWqeplfPP3NBbZfOBgi7t603"
16,"2023-08-26 12:26:06.287071",10,Jjgi5Np7qaW8u0AINZwX8ZAFjdq2
17,"2023-08-26 12:26:06.291737",10,QXifl9gki2QHLrMPuEHFWLya7qy1
18,"2023-08-26 12:26:06.297059",10,s9v5QVX886gwd5K0nJ7WrUTuiA02
19,"2023-08-26 12:32:12.243179",11,E8gKkzJO15UeRuXyHmGvsjnlIYA2
20,"2023-08-26 12:32:12.246212",11,hGruBVWor1eJdey7JfgvpyXZBlh1
21,"2023-08-26 12:32:12.248626",11,u8bXmL03ROXglLPvaSHxwtdvboa2
22,"2023-08-26 12:32:12.251707",11,vqRd9nLMksYreR80UwFPurlnZur2
23,"2023-08-26 13:44:05.466348",12,g2bjLVP6lPffDYIiPa1vy4nyABG3
24,"2023-08-26 13:44:05.468960",12,j0Rv4SAufFUNOYc6EMfigjSkuU33
25,"2023-08-26 13:44:05.471362",12,sge8fCMvSrZ5WlHWS25vVAPyrhk1
26,"2023-08-26 13:44:23.553350",13,IdFXcKjDaqWAu3uKnaITAl5FbJ83
27,"2023-08-26 13:44:23.555897",13,qPHC2c8ps4Ykz582bHomr2l0ioj1
28,"2023-08-26 13:44:23.558310",13,SDNP7UEcQ5WpiEMDE2CsYmA7Suh1
29,"2023-08-26 13:47:20.856249",14,efbWuztOu1MbHEsTEMP57rtqXzP2
30,"2023-08-26 13:47:20.859589",14,q3GF0dZgr5YVkIX4eJ4g9B6La0L2
31,"2023-08-26 13:47:20.861742",14,VR0CJ983OAPvZqaTfWiSB0DLPyG2
32,"2023-08-26 15:01:39.954717",15,"0AfacaMo2QfAyDXGQBoNTUb7ilF2"
33,"2023-08-26 15:01:39.957929",15,EPrjH13DhNT0JuVZm6qKcAru5mt2
34,"2023-08-26 15:01:39.960709",15,qxe6uYZItKQ5CLgI32SmpXkDJwb2
35,"2023-08-26 15:01:39.963946",15,Yp3CI4GaRvUlEgZxYaB94ZmfCiD3
36,"2023-08-26 15:02:25.635299",16,HCv1oBrsliN3zxtaIVbFjSfefRR2
37,"2023-08-26 15:02:25.637842",16,sc0mGxEJ4JheYSW2GKDAPjDGhqm1
38,"2023-08-26 16:23:06.422145",17,"0rtjGnK1LwR8HUz3X1gtiW9Wo492"
39,"2023-08-26 16:23:06.424406",17,"3PseBtVZ1fXOpPYbGI7cHbNVnvm2"
40,"2023-08-26 16:23:06.427419",17,cHA0OmQfhHeECTe6IGjhno7Q2sH2
41,"2023-08-26 16:23:06.429531",17,ctXdRxcz2hcYVy67P7milY6gD4F3
42,"2023-08-26 16:23:06.431679",17,PSxKW1Z0k5bzvRuTG26ptaBVuaA3
43,"2023-08-26 16:23:06.433828",17,UJs2fpmtnkRjdfxEjxUhDimokwp2
44,"2023-08-26 16:23:06.435942",17,VFMwcsoaXEbcEzTaireQEbw9o2R2
45,"2023-08-26 18:46:12.827383",18,BZ2lQ0GS0JQ2lQKEPCDSCacQ8l83
46,"2023-08-26 18:46:12.830951",18,FoaXKMa0RDQNOzi8jDtgXPYqwwd2
47,"2023-08-26 18:46:12.834031",18,gmHRcsSokDWMpABdtuTNYX4Rjix1
48,"2023-08-26 18:46:12.836531",18,rIbNaZNW0xZOE6DUQQBrOkDQIHQ2
49,"2023-08-26 18:46:28.930602",19,"1t0GCLOsXvgiAmgaQBBKc1GYrGt2"
50,"2023-08-26 18:46:28.932991",19,"5rggMEBcHsQvo9pX4ayhAyK3JrA3"
51,"2023-08-26 18:46:28.935425",19,BTzQGoJMQtMjjtcIN1rkyLn2m423
52,"2023-08-26 18:46:28.937848",19,JN5NVkP15FMl00y8Exjs99fs35E2
53,"2023-08-26 18:48:10.820255",20,"1L6io3Wdj4RUQG13wL97P6jmruH2"
54,"2023-08-26 18:48:10.822579",20,"8JKWASgD8aZhML3TW5rD5kjPXnB2"
55,"2023-08-26 18:48:10.824837",20,EQNjcG6P5UVLJFcodNdncnvdnJy1
56,"2023-08-26 18:48:10.826907",20,sTc9aLHhtYWAsR9XdcIBYlPw4x13
57,"2023-08-26 18:51:56.105720",21,eBi5tUKtMqO31FEuBijOh8t98is1
58,"2023-08-26 18:51:56.108282",21,HvTyYaMxgrTinEot9EBBOVYLpGD2
59,"2023-08-26 18:51:56.110342",21,KUhwwtFhb6O3QtiUSEeQugnQcSA3
60,"2023-08-26 18:51:56.112459",21,X4nVekcM3IbExPNQQKi95hr1aOC2
61,"2023-08-26 19:56:29.425392",22,"5Bb86AzrXRQQmDgiqrQSnoGZmro2"
62,"2023-08-26 19:56:29.428934",22,BTzQGoJMQtMjjtcIN1rkyLn2m423
63,"2023-08-26 19:56:29.431876",22,DlBesFMIvzRSyfdkDejfR1U0eUi1
64,"2023-08-26 19:56:29.434599",22,eahptMVx9FQitdaYRES0aVsuLsY2
65,"2023-08-26 19:56:29.436981",22,jtLogTlvHJPQaVxASOveHUUkgLr2
66,"2023-08-26 19:56:29.439797",22,LBxed6E6VrhAKcK64yzjNc6JI4D2
67,"2023-08-26 19:56:29.442628",22,Z6eVpz2IVPhCCqG73Y15L9xruuJ2
68,"2023-08-26 19:56:29.446736",22,ziyHEN4QsET9zZLizJSz66skLLA2
69,"2023-08-26 21:22:26.117642",23,DlBesFMIvzRSyfdkDejfR1U0eUi1
70,"2023-08-26 21:22:26.119726",23,E9QKIMxxjrcweBuvE5HLEHtdFwT2
71,"2023-08-26 21:22:26.121407",23,Pc56gf6ho1a2Ph2r2nRCssuPYjt2
72,"2023-08-26 21:22:26.123098",23,pqSTM5F9pOUJi5u7zIa2TW1quJT2
73,"2023-08-26 21:22:26.124496",23,rEx4zHPYQmgMqwU8bFWV1AqDoLs2
74,"2023-08-26 21:22:26.125996",23,SCz3il9738S9PP0DIPSDwCF45n12
75,"2023-08-26 21:22:26.127493",23,V2xXvUzNk1NAYJgqeR2PQ5JfHN03
76,"2023-08-26 21:22:26.129122",23,wRCPAy7p4daemZ5goBIRDVPMe7O2
77,"2023-08-26 21:43:16.642805",24,nCvIUKfWaAZhLDvkELzoWETGd4x1
78,"2023-08-26 21:43:16.646196",24,QDAomICgbrQq6KtaNStrBBXbsPj2
79,"2023-08-26 21:43:16.648177",24,SupTZEve7hNH21KtE9SrYyS5kQp2
80,"2023-08-26 21:43:46.055637",25,IQfqGqjiOkYKcNgw8D3BVJ4VHn22
81,"2023-08-26 21:43:46.057645",25,r9MP3Xa1ySbqOEC6ZFWTFjrrgr63
82,"2023-08-26 21:43:46.059630",25,TpAqmuZihaOLiqS6YmolyBTEszf1
83,"2023-08-26 21:44:05.680746",26,s7DZtQj1TLUM967LMtXMgILONzV2
84,"2023-08-26 21:44:05.683617",26,Y0hrgA8Lhbh5DJtqH27CvQrouEL2
85,"2023-08-26 21:44:05.686310",26,zEHXMZ3wHccRHbxUszp4BDKSMkF2
86,"2023-08-26 21:45:06.363518",27,KwderRhHkGR8VkyiEMGsSrwlX7C2
87,"2023-08-26 21:45:06.365735",27,oFTEu6I5mNQpGi7NaUOpZf4jZoW2
